1,เที่ยวต่างประเทศ
2,งานไทยเที่ยวไทย
3,Online Travel Agency
4,บันทึกนักเดินทาง
5,ประเทศเกาหลีใต้
6,โรงแรมรีสอร์ท
7,เที่ยวไทย
8,Backpack
9,เที่ยวทะเล
10,สนามบิน
11,รถโดยสาร
12,สถานที่ท่องเที่ยวในประเทศ
13,โรงแรมรีสอร์ทไทย
14,นักท่องเที่ยว
15,คนไทยในจีน
16,นิยายแปล
17,นิยายจีน
18,ร้านอาหาร
19,หน้าต่างโลก
20,ประเทศไทย
21,คนรักต่างชาติ
22,ชีวิตในต่างแดน
23,จังหวัดหนองคาย
24,เที่ยวภูเขา
25,เที่ยวน้ำตก
26,Slow Life
27,เที่ยวญี่ปุ่น
28,ท่าอากาศยานนานาชาติดอนเมือง
29,รถไฟ
30,คันไซ
31,Kansai Thru Pass (KTP)
32,จังหวัดเชียงใหม่
33,อุทยานแห่งชาติดอยอินทนนท์
34,สถานที่ท่องเที่ยวสำหรับครอบครัว
35,จังหวัดจันทบุรี
36,อาหารซีฟู้ด
37,ธุรกิจร้านอาหาร
38,อาหาร
39,จังหวัดราชบุรี
40,One Day Trip
41,ภาพถ่ายทิวทัศน์
42,Fuji X-A2
43,เลนส์กล้อง
44,เลนส์มือหมุน
45,VSCO Cam
46,ภาพถ่าย
47,โซล
48,คนไทยในเกาหลี
49,เที่ยววัด
50,สถานที่ท่องเที่ยวกรุงเทพฯ
51,หาดชะอำ
52,ประเทศรัสเซีย
53,sim ต่างประเทศ
54,ประเทศเวียดนาม
55,สถานที่ท่องเที่ยวต่างประเทศ
56,ร้านกาแฟ
57,ประเทศพม่า
58,แผนที่เดินทาง
59,บางแสน
60,สวนสนุก
61,ประเทศตุรกี
62,ประเทศจีน
63,สวนสัตว์
64,ฮ่องกง
65,แฟชั่น
66,Men's Fashion
67,ของสะสม
68,Converse
69,ประเทศเกาหลีเหนือ
70,เที่ยวเกาหลี
71,คนไทยในอเมริกา
72,สายการบิน
73,Work & Travel
74,ปัญหาความรัก
75,แอบรัก
76,สัตว์เลี้ยง
77,สุนัข
78,Jang Ok Jung
79,ซีรีส์เกาหลี
80,นักแสดงเกาหลี
81,อัตราแลกเปลี่ยน
82,บัตรเครดิต
83,ธนาคาร
84,Disneyland
85,จังหวัดน่าน
86,ที่พัก
87,ดอยเสมอดาว
88,เที่ยวยุโรป
89,ประเทศสวิตเซอร์แลนด์
90,รถไฟฟ้า MRT
91,ตลาดนัดสวนจตุจักร
92,กรุงเทพมหานคร
93,บัตรโดยสาร MRT
94,ทริปถ่ายรูป
95,สถานที่ถ่ายรูป
96,เกาะเสม็ด
97,จังหวัดระยอง
98,ม่อนแจ่ม
99,สวนน้ำ
100,จังหวัดชัยนาท
101,แม่บ้านต่างแดน
102,ความรักวัยทำงาน
103,4G
104,dtac
105,Internet SIM (Net SIM)
106,จังหวัดชลบุรี
107,ภาพถ่ายจากกล้องโทรศัพท์
108,Universal Studios
109,คนไทยในญี่ปุ่น
110,ห้างสรรพสินค้า
111,Snorkeling
112,พัทยา
113,รถรับจ้าง
114,อาหารญี่ปุ่น
115,ประเทศญี่ปุ่น
116,ฮอกไกโด
117,วีซ่า
118,จังหวัดอุทัยธานี
119,ภูทับเบิก
120,จังหวัดเพชรบูรณ์
121,ทำอาหาร
122,เรียนต่อต่างประเทศ
123,เขาค้อ
124,ซาปา
125,ประเทศอินเดีย
126,เดินป่า
127,เขาใหญ่
128,ปากช่อง
129,ดำน้ำ
130,โอซาก้า
131,โตเกียว
132,เกาะเชจู
133,ปางอุ๋ง
134,ห้วยน้ำดัง
135,จังหวัดแม่ฮ่องสอน
136,THAI Smile (สายการบิน)
137,ซีอาน
138,สวนผึ้ง
139,อาหารไทย
140,ประเทศสิงคโปร์
141,ประเทศอินโดนีเซีย
142,จังหวัดกาญจนบุรี
143,กระทรวงการต่างประเทศ
144,ซัปโปโร
145,ดอยอ่างขาง
146,Passport
147,Tourist Visa
148,สหราชอาณาจักร
149,ประเทศอังกฤษ
150,เที่ยวเชิงอนุรักษ์
151,Schengen Visa
152,จังหวัดสุราษฎร์ธานี
153,ประเทศนิวซีแลนด์
154,ระบบขนส่งมวลชน
155,ปรัชญา
156,ปรัชญาชีวิต
157,บทความ
158,กล้องวิดีโอ
159,เพลง
160,ลิขสิทธิ์
161,iTunes
162,เชียงคาน
163,ภูทอก
164,จังหวัดเลย
165,ประกันภัยการเดินทาง
166,ประเทศไอซ์แลนด์
167,จังหวัดลพบุรี
168,ทำงานต่างประเทศ
169,Skin Care
170,Duty Free
171,รถโดยสารประจำทาง
172,แท็กซี่
173,คอนเสิร์ต
174,ดอกไม้
175,ภาคเหนือ
176,เพื่อนต่างชาติ
177,ประสบการณ์ชีวิตคู่
178,พรหมลิขิต
179,เกาะล้าน
180,จังหวัดตรัง
181,นิกโก
182,ฮาโกเน่
183,เซี่ยงไฮ้
184,สังขละบุรี
185,ประเทศเยอรมนี
186,คนไทยในเยอรมนี
187,มอเตอร์ไซค์
188,Big Bike
189,ทวีปแอฟริกา
190,เรื่องเล่าสยองขวัญ
191,โฮมสเตย์
192,เวนิส
193,ประเทศอิตาลี
194,สังคมคุณแม่
195,เครื่องใช้ไฟฟ้า
196,จังหวัดเชียงราย
197,ภูชี้ฟ้า
198,เครื่องครัว
199,อาหารฝรั่ง
200,ท่าอากาศยานภูเก็ต
201,ความรักวัยรุ่น
202,ความงาม
203,เรียนต่อประเทศเกาหลี
204,ท่าอากาศยานสุวรรณภูมิ
205,จังหวัดภูเก็ต
206,รถเช่า
207,หาดป่าตอง
208,Air Asia
209,รถยนต์
210,สูตรอาหาร
211,เครื่องบิน (Airplane)
212,เครื่องดื่ม
213,ไต้หวัน
214,ไทเป
215,จังหวัดนครนายก
216,Mobile Application
217,ประเทศจอร์เจีย
218,กัวลาลัมเปอร์
219,ประเทศมาเลเซีย
220,กล้อง Mirrorless
221,กล้อง Sony
222,อุปกรณ์กล้อง
223,ภาคอีสาน
224,ภูกระดึง
225,โทรศัพท์มือถือ
226,ประเทศกัมพูชา
227,Work & Holiday
228,Qatar Airways
229,งานสายการบิน
230,โอกินาว่า
231,อาหารบุฟเฟ่ต์
232,อาหารคาว
233,มอสโก
234,ภาคใต้
235,บางกะเจ้า
236,จังหวัดสมุทรปราการ
237,Uniqlo
238,จังหวัดนครราชสีมา
239,เบเกอรี่
240,สุขภาพกาย
241,สัตหีบ
242,เกาะแสมสาร
243,ศิลปะ
244,ปลาสวยงาม
245,จังหวัดสุพรรณบุรี
246,มนุษย์เงินเดือน
247,การเงิน
248,พิธีหมั้น
249,ฮันนีมูน
250,น้ำหอม
251,รถไฟฟ้าใต้ดิน (MRT)
252,ปัญหาสังคม
253,ร้องทุกข์
254,เที่ยวตลาดน้ำ
255,ดรีมเวิลด์
256,จังหวัดปทุมธานี
257,สหรัฐอเมริกา
258,อำเภอปากช่อง
259,วังน้ำเขียว
260,Olympus OM-D E-M10 Mark II
261,ภาพถ่ายบุคคล
262,ช่างภาพ
263,กล้องถ่ายรูป
264,โครงการหลวง
265,ภาคตะวันตก
266,หาเพื่อน
267,นมแม่
268,ของใช้เด็ก
269,นักแสดงญี่ปุ่น
270,Japan Rail Pass (JR Pass)
271,เต๊นท์
272,อนิเมะ
273,คุ้มครองผู้บริโภค
274,เครื่องเป่าผม
275,รถตู้โดยสาร
276,Outlet
277,ดอยเชียงดาว
278,กล้อง Nikon
279,กันดั้ม
280,เกาะลังกาวี
281,นักเรียนทุนต่างประเทศ
282,ทุนการศึกษา
283,การท่องเที่ยวแห่งประเทศไทย
284,กล้อง Canon
285,อุทยานแห่งชาติทองผาภูมิ
286,ตลาดน้ำอัมพวา
287,กาแฟ
288,Hipster
289,Nikon 1 J5
290,ดอยสุเทพ
291,เกาะนามิ
292,อาหารเกาหลี
293,หัวหิน
294,สถานีรถไฟกรุงเทพ (หัวลำโพง)
295,ปัญหาชีวิต
296,เทศกาลดนตรี
297,ภูสอยดาว
298,คนไทยในออสเตรเลีย
299,ครอบครัว
300,ตั้งครรภ์
301,ปัญหาครอบครัว
302,สหรัฐอาหรับเอมิเรตส์
303,ปักกิ่ง
304,แม่กำปอง
305,แว่นตากันแดด
306,แว่นตา
307,เครื่องประดับ
308,การบินไทย
309,โรงแรมรีสอร์ทต่างประเทศ
310,อุบัติเหตุบนท้องถนน
311,เทคโนโลยี
312,กล้อง DSLR
313,Android App
314,สมาร์ทโฟน
315,Samsung Galaxy Note
316,อินเทอร์เน็ต
317,เรือโดยสาร
318,สถานีขนส่งผู้โดยสารกรุงเทพ (เอกมัย)
319,เครื่องสำอาง
320,ฝึกทักษะสำหรับเด็ก
321,การเลี้ยงลูก
322,ภาษาอังกฤษ
323,ฮานอย
324,เกียวโต
325,การขนส่งทางรถไฟ (Railroads Transportation)
326,กระทรวงคมนาคม
327,เทคนิคการถ่ายรูป
328,กล้องดิจิตอล
329,กล้อง Fuji
330,Airport Rail Link
331,ธนาคารยูโอบี
332,ธนาคารซิตี้แบงค์
333,ยอดนักสืบจิ๋วโคนัน
334,สถานที่ท่องเที่ยวเกาหลี
335,ภาษาต่างประเทศ
336,นักเรียน
337,Dress Up Club
338,นกแอร์
339,แต่งงาน
340,pre wedding
341,ธนาคารกสิกรไทย
342,power bank
343,ภาคกลาง
344,จังหวัดพระนครศรีอยุธยา
345,บัตรเดบิต
346,อำเภอเขาค้อ
347,นักเรียนแลกเปลี่ยน
348,Au Pair
349,รถตู้โดยสารประจำทาง
350,จังหวัดนครปฐม
351,Future Park
352,มหาวิทยาลัยศิลปากร
353,Etude House
354,China Eastern Airlines
355,อาหารจีน
356,ภาพยนตร์
357,การ์ตูน
358,The Marvel Experience Thailand
359,หมู่เกาะสุรินทร์
360,กฎหมายระหว่างประเทศ (International Law)
361,ไปรษณีย์ไทย
362,ชีวิตวัยรุ่น
363,Korean Air
364,เกาะหลีเป๊ะ
365,จังหวัดนครศรีธรรมราช
366,เกาะสีชัง
367,จังหวัดปราจีนบุรี
368,เขื่อน
369,กระเป๋าเดินทาง
370,จังหวัดตราด
371,เกาะหมาก
372,เกาะขาม
373,เกสต์เฮาส์
374,ประวัติศาสตร์
375,ประเทศฝรั่งเศส
376,ข่าวออนไลน์
377,ประเทศลาว
378,สถานีรถไฟ
379,เรียนภาษาที่ต่างประเทศ
380,WeChat
381,การศึกษา
382,ทรัพยากรบุคคล
383,จิตอาสา
384,กระเป๋า
385,อุปกรณ์เครื่องใช้ภายในบ้าน
386,คนไทยในอังกฤษ
387,จังหวัดสุโขทัย
388,จังหวัดพิษณุโลก
389,ครีมกันแดด
390,โฮจิมินห์
391,ดาลัด
392,ของหวาน
393,เกาะเกร็ด
394,ช่วยคิดช่วยทำ (รายการโทรทัศน์)
395,คอมมือใหม่
396,Web Browser
397,Social Network
398,นักแสดงฝรั่ง
399,ค่ายหนัง
400,นักแสดงภาพยนตร์
401,Mobile Operator
402,Roaming
403,Pocket Wi-Fi Router
404,การจราจร
405,มหาวิทยาลัย
406,อาหารปิ้งย่าง
407,พิพิธภัณฑ์
408,บาหลี
409,ยา
410,300: Rise of an Empire
411,การลงทุน
412,จังหวัดแพร่
413,7-Eleven
414,ร้านสะดวกซื้อ
415,แต่งหน้า
416,ทำบุญ
417,วัด
418,ภาษาจีน
419,Japan Airlines
420,รถตู้
421,ท่ารถตู้โดยสารประจำทาง
422,อาหารเจ
423,ประเทศนอร์เวย์
424,King Power
425,โฮสเทล
426,จังหวัดขอนแก่น
427,คลับสุขภาพ
428,Scuba Diving
429,Green Card
430,คิวชู
431,วันพีซ One piece
432,จังหวัดกระบี่
433,ลอนดอน
434,Final Fantasy
435,มาเล
436,จังหวัดประจวบคีรีขันธ์
437,จังหวัดเพชรบุรี
438,เสื้อผ้าเด็ก
439,เตือนภัย
440,วัดอรุณราชวรารามราชวรมหาวิหาร
441,ฟุกุโอกะ
442,Singapore Airlines
443,จักรยาน
444,Samsung Galaxy S7
445,หาดใหญ่
446,อำเภอเชียงดาว
447,สัตว์เลื้อยคลาน
448,ชีววิทยา
449,งู
450,สัตว์ป่า
451,กล้องฟิล์ม
452,เรื่องเล่าจากผู้สูงอายุ
453,Mega Bangna
454,เศรษฐกิจ
455,จังหวัดสตูล
456,อาหารอินเดีย
457,รถไฟฟ้า BTS
458,คอสเพลย์
459,ปวดประจำเดือน
460,คนไทยในสิงคโปร์
461,ตลาดสำเพ็ง
462,เรือด่วนเจ้าพระยา
463,ที่จอดรถ
464,iOS
465,iPhone
466,หย่าร้าง
467,นักกฎหมาย
468,ประเทศออสเตรเลีย
469,อนุสาวรีย์ประชาธิปไตย
470,รองเท้า
471,Onitsuka Tiger
472,นาฬิกา
473,เกาะมันนอก
474,Safari World
475,Freelance
476,ประเทศฟินแลนด์
477,อาวุธยุทโธปกรณ์
478,จังหวัดศรีสะเกษ
479,หลวงพระบาง
480,ดูนก
481,แผนการเดินทางและท่องเที่ยว
482,การเรียน
483,แนะแนวการศึกษา
484,นักแปล
485,มาเก๊า
486,ประเทศโปรตุเกส
487,ประเทศสเปน
488,รายการข่าว
489,นวดแผนไทย
490,มหาวิทยาลัยรามคำแหง
491,วิศวกรรมศาสตร์
492,เฟอร์นิเจอร์
493,SME
494,งานขาย
495,อารยธรรม (Civilization)
496,จังหวัดพังงา
497,ภาษาไทย
498,ปราณบุรี
499,ลดความอ้วน
500,บางปู
501,อุทยานแห่งชาติแก่งกระจาน
502,Etihad Airways
503,จังหวัดนนทบุรี
504,Samsung Smartphone
505,Samsung Galaxy S9
506,Samsung Galaxy S9 Plus
507,ว่ายน้ำ
508,The Mall Department Store
509,Kan Air
510,คนไทยในนิวซีแลนด์
511,กล้อง Compact
512,กล้อง Casio
513,Casio ZR3500
514,กล้อง GoPro
515,Action Camera
516,สถานีเกษตรหลวงอ่างขาง
517,Last Summer
518,อาหารเวียดนาม
519,นำเข้าส่งออก
520,อิเล็กทรอนิกส์
521,ภาษีศุลกากร
522,Fuji X-T1
523,บัญชี
524,VPN
525,LINE
526,Instagram
527,งานโรงแรม
528,ทางลัด
529,พยากรณ์อากาศ
530,รถไฟฟ้า (BTS)
531,นครนิวยอร์ก
532,Canon EOS 6D
533,เคมี
534,ภาพถ่ายฟิล์ม
535,ดีเจ
536,จังหวัดฉะเชิงเทรา
537,Green Living
538,สุมณทิพย์ เหลืองอุทัย (กุ๊บกิ๊บ)
539,ไอศกรีม
540,การตกแต่งรูปภาพ
541,AirAsia X
542,กระทรวงแรงงาน
543,ประเทศอิสราเอล
544,จดหมายสมัครงาน
545,Work & Study
546,Work Permit
547,ประเทศแคนาดา
548,เวียงจันทน์
549,ประเทศโครเอเชีย
550,น้ำมันเชื้อเพลิง
551,Nikon D610
552,บ้าน
553,งานค้าขาย
554,จังหวัดชุมพร
555,สถานีขนส่งผู้โดยสารกรุงเทพ (จตุจักร) หมอชิต 2
556,รายการโทรทัศน์
557,คอนโดมิเนียม
558,เขื่อนรัชชประภา
559,ตรวจคนเข้าเมือง (ตม.)
560,ด่านตรวจคนเข้าเมือง
561,ประเทศกรีซ
562,รองเท้ากีฬา
563,การออมเงิน
564,สถานที่จัดเลี้ยง
565,Cathay Pacific
566,งานราชการ
567,งานรัฐวิสหากิจ
568,ซอฟต์แวร์
569,Nokscoot (สายการบิน)
570,วังเวียง
571,หาดจอมเทียน
572,All Nippon Airways (ANA)
573,เชียงใหม่ไนท์ซาฟารี
574,เวียนนา
575,ประเทศออสเตรีย
576,ทวีปออสเตรเลีย
577,วัดพระธาตุศรีจอมทองวรวิหาร
578,ภาษาญี่ปุ่น
579,Wi-Fi
580,ติวเตอร์
581,คนละขอบฟ้า (ละคร)
582,สปา
583,iPhone App
584,จังหวัดอุบลราชธานี
585,สิ่งลี้ลับ (mystery)
586,ความเชื่อส่วนบุคคล
587,ป่า
588,ประเทศสวีเดน
589,Travel Photography
590,กล้องโทรศัพท์มือถือ
591,App แต่งภาพ
592,Disney
593,Tokyo Ghoul
594,ความบันเทิงในบ้าน
595,IELTS
596,การสอนลูก
597,คนไทยในฝรั่งเศส
598,สิว
599,ไทยพรีเมียร์ลีก
600,เกาะกูด
601,Thai Lion Air
602,TOEIC
603,พนักงานบริษัท
604,อำเภอเชียงคาน
605,Vespa
606,ศัลยกรรมความงาม
607,คลินิกความงาม
608,ธนาคารกรุงศรีอยุธยา
609,คนไทยในอิหร่าน
610,จังหวัดชัยภูมิ
611,ประเทศโอมาน
612,มัสกัต
613,ขนส่งสินค้า
614,รัฐศาสตร์
615,เรื่องลึกลับ
616,ประวัติศาสตร์ศิลป์
617,ประวัติศาสตร์ไทย
618,Panasonic Lumix DMC-GX85
619,ภาคตะวันออก
620,อุทยานแห่งชาติแม่วาง
621,จังหวัดลำพูน
622,ทะเบียนพาณิชย์อิเล็กทรอนิกส์
623,จังหวัดนครพนม
624,Major Cineplex
625,สวนสัตว์เปิดเขาเขียว
626,Hong Kong Airlines
627,อนุรักษ์สิ่งแวดล้อม
628,อำเภอไทรโยค
629,ร้านถ่ายรูป
630,Pub & Restaurant
631,เจ้าของธุรกิจ
632,ประกันสุขภาพ
633,อำเภอสวนผึ้ง
634,สังคมต่างประเทศ
635,ปาย
636,ปริญญาโท
637,เรียนภาษาระยะสั้น
638,เขาแหลมหญ้า
639,ธรณีวิทยา
640,วิทยาศาสตร์
641,ตลาดน้ำบางน้ำผึ้ง
642,ศาสนาพุทธ
643,สัตว์ทะเล
644,Playboy
645,Single Mom
646,ทริปจักรยาน
647,ปีนัง
648,Google Maps
649,แพทย์
650,Skechers
651,ทวีปยุโรป
652,เกาะพยาม
653,TOEFL
654,หนังสือ
655,นักเขียน
656,สำนักพิมพ์
657,โดฮา
658,Transit
659,โรคผิวหนัง
660,ผลิตภัณฑ์ดูแลเส้นผม
661,สวนงูสภากาชาดไทย
662,หมึก (สัตว์)
663,ตกปลา
664,Snow Town Bangkok
665,โรงเรียน
666,บัตรเอทีเอ็ม
667,ประเทศเซอร์เบีย
668,ประเทศฮังการี
669,บูดาเปสต์
670,เกาะช้าง
671,วัตถุดิบทำอาหาร
672,เครื่องปรุง
673,การขนส่งทางอากาศ (Air Transportation)
674,ของสะสมจากการ์ตูน
675,Gunpla
676,SIAM SQUARE I
677,Sony a6300
678,Airbnb
679,Siam Paragon
680,CentralWorld
681,กฎหมายชาวบ้าน
682,เกาะพะงัน
683,ฟูลมูนปาร์ตี้
684,0
685,1
686,3
687,สินเชื่อส่วนบุคคล
688,ธนาคารไทยเครดิตเพื่อรายย่อย
689,ทำเล็บ
690,AIS
691,อำเภอปัว
692,วิชาการ
693,ประเทศเอธิโอเปีย
694,Mobile OS
695,Android
696,การตลาด
697,งานสัปดาห์หนังสือ
698,SAT (SAT Reasoning Test)
699,จังหวัดระนอง
700,แฟชั่นเกาหลี
701,Nike
702,EVA Air
703,เที่ยวละไมไทยแลนด์เวิลด์
704,ปลาไหล
705,จังหวัดสมุทรสงคราม
706,การวางแผนการศึกษาต่อและประกอบอาชีพ
707,สถาบันการบินพลเรือน
708,อุทยานประวัติศาสตร์สุโขทัย
709,จังหวัดอุดรธานี
710,เครื่องแต่งกาย
711,ต้นไม้
712,iPhone XS Max
713,iPhone XS
714,iPhone 5
715,HTC Smartphone
716,ตลาดน้ำดอนหวาย
717,สวนสยาม
718,ศาสนา
719,Facebook
720,อุทยานแห่งชาติ
721,Fuji X-A3
722,ภูมิศาสตร์
723,การ์ตูนญี่ปุ่น
724,พระบรมมหาราชวัง
725,ข่าวในพระราชสำนัก
726,สนามหลวง
727,วัดพระสิงห์วรวิหาร
728,ท่องเที่ยวผู้สูงอายุ
729,แต่งหน้าเจ้าสาว
730,ดาราศาสตร์
731,กระทรวงการท่องเที่ยวและกีฬา
732,Fuji X-M1
733,แอดมิชชั่น
734,หอพัก
735,ภูมิอากาศ
736,สังคมชาวพันทิป
737,สุขภาพจิต
738,นก
739,อาหารสัตว์
740,สัตวแพทย์
741,จังหวัดตาก
742,สามพันโบก
743,ไสยศาสตร์
744,เกาะสมุย
745,ดอกนางพญาเสือโคร่ง
746,AIS 3G 2100
747,เงินตราต่างประเทศ
748,จังหวัดพะเยา
749,เลนส์ Fujifilm
750,ทำผม
751,App ถ่ายภาพ
752,โรงเรียนการไปรษณีย์
753,Agoda
754,Bangkok Airways
755,โรงภาพยนตร์
756,truemove
757,สวนสัตว์เชียงใหม่
758,ผลิตภัณฑ์ดูแลผิวหน้า
759,Chinese Zodiac
760,Chinese Puzzle
761,งานรัฐวิสาหกิจ
762,กฎหมายแรงงาน
763,ฮาร์ดแวร์
764,Harry Potter
765,ฝากครรภ์
766,ผ่าคลอด
767,ของเล่นเด็ก
768,ออกแบบและสร้างบ้าน
769,ที่ดิน
770,วิธีใช้กล้อง
771,กล้อง Leica
772,จังหวัดสมุทรสาคร
773,เขื่อนศรีนครินทร์
774,Nikon D7200
775,ข่าวต่างประเทศ
776,Malaysia Airlines
777,ธนาคารกรุงเทพ
778,Freestyle Skiing (สกีฟรีสไตล์)
779,ใบขับขี่
780,โรงพยาบาล
781,ออกกำลังกาย
782,เครื่องอบผ้า
783,เครื่องซักผ้า
784,Canon EOS M3
785,บุพเพสันนิวาส
786,โรงเรียนอนุบาล
787,เส้นทางเดินรถโดยสารประจำทาง
788,หมู่เกาะสิมิลัน
789,นักศึกษา
790,Hurt Room
791,จังหวัดร้อยเอ็ด
792,ประเทศสกอตแลนด์
793,อาหารเด็ก
794,แท็บเล็ต
795,เค-ป็อป
796,นักร้องนักดนตรีเกาหลี
797,ภาษาเกาหลี
798,หุ้น
799,ชื่อมงคล
800,เลห์ ลาดักห์
801,มหาวิทยาลัยรังสิต
802,แมว
803,China Airlines
804,นักท่องเที่ยวชาวต่างชาติ
805,ภูเรือ
806,น้ำตกทีลอซู
807,ปัญหาวัยรุ่น
808,Emirates Airlines
809,Olympus PEN E-PL7
810,ดอยปุย
811,การออกแบบเพื่อสิ่งแวดล้อม
812,Tax Refund
813,Longchamp
814,แต่งเรื่องสั้น
815,จังหวัดบึงกาฬ
816,Trekking
817,คณิตศาสตร์
818,จังหวัดสงขลา
819,งานฝีมือ
820,งานบ้าน
821,คาเฟ่สุนัข
822,Samsung Galaxy Note 4
823,ประเทศเนปาล
824,เทือกเขาหิมาลัย
825,วัตถุมงคล
826,เสริมดวง
827,เครื่องรางของขลัง
828,ประเทศมัลดีฟส์
829,วันลอยกระทง
830,ศูนย์วัฒนธรรมเชียงใหม่
831,นวดเพื่อสุขภาพ
832,ซิดนีย์
833,Fuji X-T10
834,iPhone X
835,Apple
836,นักแสดง
837,นักแสดงเอเชีย
838,สุนัข Golden Retriever
839,รถกระบะ
840,อะไหล่รถ
841,คนไทยในสวีเดน
842,Fuji X-E2
843,บัวขาว บัญชาเมฆ
844,นางแบบ
845,มหาวิทยาลัยศรีปทุม
846,ท่าอากาศยานหาดใหญ่
847,เรือข้ามฟาก
848,iPhone 6
849,truemove H
850,สัมภาษณ์งาน
851,จังหวัดอุตรดิตถ์
852,เกาะเต่า
853,ซีรีย์เกาหลี
854,พัฒนาการเด็ก
855,จังหวัดกำแพงเพชร
856,เทศกาลกินเจ
857,พิธีกรรมและความเชื่อ
858,นักร้องนักดนตรี
859,ค่ายเพลง
860,การเต้น
861,การร้อง
862,จังหวัดสระบุรี
863,กรมศุลกากร
864,ถนอมอาหาร
865,iPhone 7 Plus
866,iPhone 7
867,Chanel
868,รีโนเวทบ้าน
869,ตกแต่งบ้าน
870,Tigerair
871,กิ่วแม่ปาน
872,4
873,อำเภอทองผาภูมิ
874,คาเฟ่แมว
875,จังหวัดสระแก้ว
876,ตลาดโรงเกลือ
877,GrabExpress
878,รายการวิทยุ
879,อำเภอสัตหีบ
880,ธนาคารไทยพาณิชย์
881,เพื่อนวัยเรียน
882,ท้องฟ้าจำลอง
883,จังหวัดลำปาง
884,Central WestGate
885,ภาพถ่ายมาโคร
886,อุทยานแห่งชาติเขาสามร้อยยอด
887,รถไฟความเร็วสูง
888,Snowboard
889,มหาวิทยาลัยเกษตรศาสตร์
890,Central Department Store
891,ผลิตโชค อายนบุตร (เป๊ก)
892,อำเภอขนอม
893,ธนาคารกรุงไทย
894,ปราก
895,สาธารณรัฐเช็ก
896,กล้องโพลารอยด์
897,Jetstar Airways
898,YouTube
899,Portrait Photography
900,เขตมีนบุรี
901,เกษตรอินทรีย์
902,ผลไม้
903,เมืองโบราณสมุทรปราการ
904,iberry
905,อำเภอพระประแดง
906,อุทยานราชภักดิ์
907,ภาษาเยอรมัน
908,ภาพถ่ายขั้นสูง
909,ถนนนิมมานเหมินทร์
910,ปฏิบัติธรรม
911,ซีรีส์
912,เมลเบิร์น (Melbourne)
913,ประสบการณ์ความรัก
914,JYP Entertainment
915,สะสมไมล์
916,ใบขับขี่สากล
917,เพศที่สาม
918,Vietnam Airlines
919,Adidas
920,วันหยุดสุดขีด
921,สวนสาธารณะ
922,พิธีสู่ขอ
923,อำเภอปาย
924,จังหวัดมุกดาหาร
925,พิธีแต่งงาน
926,Family Mart
927,Student Visa
928,Fujifilm X-Pro2
929,Studio Ghibli
930,ฝึกงาน
931,FC Bayern Munich
932,สโมสรฟุตบอลเยอรมัน
933,Siam Ocean World
934,ศาลาคนโสด
935,ซีรีส์จีน
936,ซีรีส์ฮ่องกง-ไต้หวัน
937,จังหวัดกาฬสินธุ์
938,ประเทศปากีสถาน
939,ท่าอากาศยานนานาชาติเชียงใหม่
940,สํานักปฏิบัติธรรม
941,พระมหาวุฒิชัย วชิรเมธี
942,ไฟฟ้า
943,Anello
944,ยางรถยนต์
945,รถมือสอง
946,ท่ารถตู้โดยสาร
947,Mercedes Benz
948,ซุปเปอร์มาเก็ต
949,ประเทศภูฏาน
950,ธุรกรรมออนไลน์
951,ศาลาคนเศร้า
952,เซลฟี่
953,Panasonic Lumix DMC-GF8
954,ประชาคมเศรษฐกิจอาเซียน (AEC)
955,ประเทศอียิปต์
956,ทันตกรรม
957,เขื่อนวชิราลงกรณ์ (เขื่อนเขาแหลม)
958,ภาพยนตร์สามมิติ
959,Iron Man
960,Marvel Comic
961,การแสดงเกี่ยวกับการ์ตูน
962,แต่งนิยาย
963,นิวเดลี
964,บริจาคเลือด
965,วันวาเลนไทน์
966,ภาพยนตร์ต่างประเทศ
967,Streaming (Mobile Application)
968,รายการโทรทัศน์ต่างประเทศ
969,ฟิตเนส
970,Huawei P20
971,Your Name : Kimi no Na wa (ภาพยนตร์)
972,เสาชิงช้า
973,BTS
974,สถานีรถไฟฟ้า BTS
975,Gucci
976,Adobe Photoshop Lightroom
977,คอมพิวเตอร์
978,อำเภอภูกระดึง
979,มหาวิทยาลัยมหาสารคาม
980,Transit Visa
981,Alipay
982,ฟุตบอล
983,ประเทศมองโกเลีย
984,Sony A5100
985,ซีรีส์ฝรั่ง
986,Netflix
987,E-commerce
988,การโฆษณา
989,มหาวิทยาลัยขอนแก่น
990,สถานีขนส่งผู้โดยสารกรุงเทพ (ถนนบรมราชชนนี) สายใต้ใหม่
991,Siam Center
992,จังหวัดยะลา
993,Offshore
994,ปิโตรเลียม (Petroleum)
995,ประเทศเบลเยียม
996,เครื่องสำอางเกาหลี
997,มหาวิทยาลัยมหิดล
998,ปูซาน
999,โครงการชั่งหัวมัน ตามพระราชดำริ
1000,ห้องสมุด
1001,ปารีส
1002,ประเทศเม็กซิโก
1003,อำเภอศรีราชา
1004,Sony A7
1005,กล้อง Pentax
1006,Pride and Prejudice (ซีรีส์เกาหลี)
1007,ตลาดน้ำตลิ่งชัน
1008,อำเภอแก่งกระจาน
1009,นักปีนเขา (Climber)
1010,จังหวัดบุรีรัมย์
1011,กล้อง Ricoh
1012,ภาษาฝรั่งเศส
1013,เน็ตไอดอล
1014,VietJet Air
1015,บทสวดมนต์
1016,อุปกรณ์เดินป่า
1017,Canon EOS 600D
1018,Asiana Airlines
1019,Louis Vuitton
1020,ช้าง
1021,Suzuki (รถยนต์)
1022,แรงงานต่างด้าว
1023,Siam Discovery
1024,อุปกรณ์ดำน้ำ
1025,FujiFilm Instax
1026,Fujifilm Instax SHARE SP-1
1027,Nissan
1028,เขาช้างเผือก
1029,การบริหารจัดการ
1030,โรคติดต่อทางเพศสัมพันธ์
1031,OnePlus Smartphone
1032,จังหวัดนครสวรรค์
1033,ภัยพิบัติทางธรรมชาติ
1034,แผ่นดินไหว
1035,ขุนช่างเคี่ยน
1036,ดอยม่อนจอง
1037,ประเทศฟิลิปปินส์
1038,ฟิสิกส์
1039,จักรยานเสือภูเขา
1040,พิพิธภัณฑสถานแห่งชาติ
1041,เขื่อนอุบลรัตน์
1042,Asiatique The Riverfront
1043,เกม
1044,สูติบัตร
1045,อุทยาน
1046,โยคะ
1047,อาหารเสริม
1048,กุ้ง
1049,อุบัติเหตุ
1050,โอนเงินระหว่างประเทศ
1051,ธุรกรรมทางการเงิน
1052,บัตรกดเงินสด
1053,จังหวัดสกลนคร
1054,อัมสเตอร์ดัม
1055,ประเทศเนเธอร์แลนด์
1056,ของเล่นจากการ์ตูน
1057,ตลาดน้ำดำเนินสะดวก
1058,ระบบไฟฟ้าภายในบ้าน
1059,อำเภอปากเกร็ด
1060,พระเครื่อง
1061,Huawei Smartphone
1062,Huawei P20 Pro
1063,ตลาดนัด
1064,มหาวิทยาลัยธรรมศาสตร์
1065,ชุดไทย
1066,ขาตั้งกล้อง
1067,วันปีใหม่
1068,กล้อง Olympus
1069,Jeju Air
1070,Palio
1071,งานแสดงรถยนต์
1072,Sony A6500
1073,ถนนรัชดาภิเษก
1074,AIS 4G ADVANCED
1075,GPS
1076,เยาวราช
1077,ภาษารัสเซีย
1078,กวดวิชา
1079,Yamaha
1080,พิธีกรรมทางศาสนา
1081,Google
1082,อุทยานแห่งชาติห้วยน้ำดัง
1083,เบอร์ลิน
1084,เขื่อนขุนด่านปราการชล
1085,วิ่งเพื่อสุขภาพ
1086,เลนส์ Olympus
1087,เลนส์ Panasonic
1088,ประเทศกาตาร์
1089,กระทรวงการคลัง
1090,ประเทศคูเวต
1091,The Moon That Embraces the Sun
1092,เลนส์ Sigma
1093,ทวีปเอเชีย
1094,Suzuki (มอเตอร์ไซค์)
1095,Resume
1096,Who Are You: School 2015
1097,โรคหัวใจ
1098,สโมสรฟุตบอลบุรีรัมย์ ยูไนเต็ด
1099,ทวีปอเมริกา
1100,Canon 5D Mark IV
1101,โครงการพัฒนาดอยตุง
1102,หาดริ้น
1103,Swiss Pass
1104,บ้านทรายทอง
1105,วงดนตรี
1106,KTB netbank
1107,มอเตอร์ไซค์รับจ้าง
1108,วันสงกรานต์
1109,สินเชื่อรถยนต์
1110,Mac
1111,SIM Card
1112,Canon EOS 60D
1113,น้ำพุร้อนสันกำแพง
1114,ของใช้คุณแม่
1115,สยามนิรมิต
1116,ชีวประวัติบุคคล
1117,วัดพระแก้ว
1118,โทรศัพท์
1119,ฟิล์มถ่ายรูป
1120,ทองรูปพรรณ
1121,ประเทศไอร์แลนด์
1122,Gadget
1123,Headphone
1124,ดนตรี
1125,GMM 25
1126,ศาสนาคริสต์
1127,นิทรรศการ
1128,Co-Working Space
1129,โอตาคุ
1130,สตอกโฮล์ม
1131,นครวัด
1132,มรดกโลก
1133,พระราหู
1134,จังหวัดสุรินทร์
1135,บริษัทหลักทรัพย์
1136,การปฐมพยาบาล
1137,Fuji X-A1
1138,ผลิตภัณฑ์รักษ์โลก
1139,Organic
1140,กล้อง Samsung
1141,Liverpool F.C.
1142,พรีเมียร์ลีก
1143,3G
1144,The Nine
1145,ดูแลและซ่อมแซมบ้าน
1146,สวนสัตว์ดุสิตเขาดินวนา
1147,Ford
1148,กระบองเพชร
1149,แบรนด์เสื้อผ้าเกาหลี
1150,Figure (ฟิกเกอร์)
1151,มัคคุเทศก์
1152,ดูดวง
1153,Extreme Sport
1154,ตัดต่อวิดีโอ
1155,การป้องกันอุบัติเหตุ
1156,นิคมอุตสาหกรรมอมตะนคร
1157,มหาวิทยาลัยพะเยา
1158,เครดิตบูโร
1159,Ducati
1160,จตุจักรกรีน (JJ Green)
1161,ตลาดนัดกลางคืน (Night Market)
1162,อำเภอกุยบุรี
1163,ไมโครโฟน
1164,Huawei Mate 9
1165,Kiehl's
1166,อุทยานแห่งชาติเชียงดาว
1167,กีฬา
1168,วอลเลย์บอล
1169,ฮวงจุ้ย
1170,คาราโอเกะ
1171,บ้านนอกเข้ากรุง
1172,วิศวกร
1173,ภาพยนตร์รัก
1174,แม่แจ่ม
1175,อำเภอแม่แจ่ม
1176,Xiaomi Yi Action Camera
1177,ประวัติศาสตร์สากล
1178,สโมสรฟุตบอลเชียงราย ยูไนเต็ด
1179,อุปกรณ์ทำผม/จัดแต่งทรงผม
1180,Google Pixel
1181,ประเทศเคนยา
1182,ศูนย์ควบคุมการจราจรทางอากาศตามเส้นทางบิน (Area Control)
1183,ทะเบียนบ้าน
1184,Sony RX100
1185,ชุดแต่งงาน
1186,ป่าชายหาด (Beach forest)
1187,Asics
1188,นักวิทยาศาสตร์
1189,ธนาคารแลนด์แอนด์เฮ้าส์
1190,บัตรประจำตัวประชาชน
1191,เซอร์วิสอพาร์ตเมนต์
1192,อาหารจานเดียว
1193,ไลลา บุญยศักดิ์ (พลอย)
1194,นักแสดงหญิง
1195,PayPal
1196,Terminal 21
1197,หนังสั้น
1198,กล้องโลโม่
1199,พันธบัตร
1200,ธนบัตรต่างประเทศ
1201,ธนบัตร
1202,หาดเจ้าสำราญ
1203,เทศบาลตำบล
1204,กระต่าย
1205,Super Junior
1206,รัฐบาล
1207,ดอยผาหลวงผ้าห่มปก
1208,วางแผนครอบครัว
1209,จังหวัดอ่างทอง
1210,นครธม
1211,ท่าอากาศยานนานาชาติแม่ฟ้าหลวง เชียงราย
1212,การออกแบบ
1213,AOT (หุ้น)
1214,ประกันภัยรถ
1215,วิ่ง
1216,อสังหาริมทรัพย์
1217,ยางพารา
1218,Starbucks
1219,อาหารมังสวิรัติ
1220,Super Car
1221,กระทะ
1222,กระทรวงสาธารณสุข
1223,ภาพถ่ายทางอากาศ (Aerial Photography)
1224,จังหวัดสิงห์บุรี
1225,ดอกบัว
1226,แบรนด์เสื้อผ้าสตรีทเกาหลี
1227,ตั้งชื่อลูก
1228,ประเทศบรูไนดารุสซาลาม
1229,งานแสดงสินค้า
1230,งานแสดงสินค้านานาชาติในประเทศ
1231,Ray-Ban
1232,Flea market
1233,บันทึกกรรม
1234,จังหวัดพัทลุง
1235,Canon EOS 700D
1236,สโมสรฟุตบอลอังกฤษ
1237,Hermes
1238,อำเภอแม่สาย
1239,ปู (Crab)
1240,ตลาดน้ำคลองลัดมะยม
1241,The EmQuartier
1242,เขื่อนป่าสักชลสิทธิ์
1243,ร้านเบเกอรี่
1244,ประเทศเดนมาร์ก
1245,มัณฑะเลย์
1246,Let Me In (รายการโทรทัศน์)
1247,ธุรกิจสปา
1248,True Card
1249,อ่าวนาง
1250,พนมเปญ
1251,เกาะตาชัย
1252,Toyota
1253,อุปกรณ์ตกปลา
1254,ศูนย์ฝึกอาชีพ
1255,ภาพยนตร์ไทย
1256,ป้าแฮปปี้ She ท่าเยอะ (ภาพยนตร์)
1257,เกมส์การ์ตูน
1258,ประเทศมอลตา
1259,เขตบางแค
1260,ชีวิตหลังเกษียณ
1261,ชมรมผู้สูงอายุ
1262,ระบบขนส่งมวลชนเกาหลี
1263,สอบสัมภาษณ์
1264,โรคซึมเศร้า
1265,ปราสาทเขาพระวิหาร
1266,K-POP
1267,เพลงเกาหลี
1268,วงดนตรีเกาหลี
1269,Olympus OM-D E-M10
1270,สถานีรถไฟฟ้า MRT
1271,สวนสาธารณะลุมพินี
1272,เฮลโลคิตตี
1273,คณะแพทยศาสตร์
1274,นักศึกษาแพทย์
1275,หนังสือนิยาย
1276,Victoria's Secret
1277,ชุดชั้นใน
1278,จัดสวน
1279,Transfer
1280,อุทยานแห่งชาติกุยบุรี
1281,ThaiPBS
1282,ไดโนเสาร์
1283,อุปกรณ์กีฬา
1284,เครื่องออกกำลังกาย
1285,ภาษีสรรพสามิต
1286,เครื่องปรับอากาศ
1287,Honda (มอเตอร์ไซค์)
1288,วัดสระเกศ
1289,กราฟิกดีไซน์ (Graphic Design)
1290,Utilities Software
1291,AEON
1292,เขตคลองสาน
1293,บัตรโดยสาร BTS (rabbit)
1294,ภาพยนตร์จีน
1295,Honda Jazz
1296,ประเทศยูเครน
1297,กราฟฟิตี้ (Graffiti)
1298,ขอแต่งงาน
1299,บริษัทพัฒนาอสังหาริมทรัพย์
1300,หมู่เกาะพีพี
1301,รถไฟชานเมือง
1302,นิทรรศการการ์ตูน
1303,ศาสนาอิสลาม
1304,ปลาแซลมอน
1305,เครื่องดื่มสมุนไพร
1306,Adobe Photoshop
1307,Adobe Illustrator
1308,รายการกีฬา
1309,Sport Bra
1310,งานแสดงและจำหน่ายสินค้าไอที
1311,ฤกษ์มงคล
1312,พายุหิมะและหิมะถล่ม
1313,บริษัทไอที
1314,OPPO Smartphone
1315,เกาะนางยวน
1316,Honda (รถยนต์)
1317,ถนนพระราม 9
1318,แฮมสเตอร์
1319,Non-Immigrant Visa
1320,LINE TV
1321,iPad
1322,Huawei P10
1323,เศรษฐศาสตร์
1324,อาหารคลีน
1325,เรือโดยสารคลองแสนแสบ
1326,WhatsApp
1327,อพาร์ตเมนต์
1328,ละครเวที
1329,ประติมากรรม
1330,The Voice Thailand
1331,AliExpress
1332,Sony Smartphone
1333,สถานกงสุล
1334,wedding planer
1335,เรียนภาษาระยะยาว
1336,ประเทศจอร์แดน
1337,Part Time
1338,งานไอที
1339,มหาวิทยาลัยราชภัฏสวนดุสิต
1340,มหาวิทยาลัยราชภัฏสวนสุนันทา
1341,คู่สมพงษ์
1342,ข้าวกล่อง Bento
1343,ประเทศบาห์เรน
1344,รถยนต์ไฮบริด
1345,อ่าวมะนาว
1346,อวกาศ
1347,ประเทศโมร็อกโก
1348,อู่ซ่อมรถ
1349,Toyota Yaris
1350,นักศึกษาวิชาทหาร
1351,ทหารเกณฑ์
1352,The Host
1353,presentation งานแต่งงาน
1354,ประเทศโปแลนด์
1355,กระเป๋าสตางค์
1356,ประเทศเอสโตเนีย
1357,ป้ายรถโดยสารประจำทาง (Bus Stop)
1358,อู่รถโดยสารประจำทาง
1359,Once Upon a Time in Shanghai
1360,ข้อเสนอแนะถึงพันทิป
1361,Toyota Commuter
1362,การขนส่งทางบก (Land Transportation)
1363,เครื่องเสียงรถยนต์
1364,ประเทศคิวบา
1365,Toyota Innova
1366,AFS (โครงการนักเรียนแลกเปลี่ยน)
1367,กระทรวงมหาดไทย
1368,วอชิงตัน ดี.ซี.
1369,วัดพระธาตุดอยสุเทพราชวรวิหาร
1370,ธีรเดช วงศ์พัวพันธ์ (เคน)
1371,เมนูไมโครเวฟ
1372,กล้อง Panasonic
1373,ห้องน้ำสาธารณะ
1374,Fashion Island
1375,รายการVIP
1376,Oman Air
1377,YG Entertainment
1378,Healer (ซีรีส์เกาหลี)
1379,British Airways
1380,Samsung Galaxy A8
1381,ท่าเรือโดยสาร
1382,Isuzu
1383,ภาษีมูลค่าเพิ่ม
1384,กรมสรรพากร
1385,Nintendo Switch
1386,โภชนาการ
1387,ประเทศซาอุดีอาระเบีย
1388,Hotel King
1389,ขนมไทย
1390,โครงการศึกษาวิจัยและพัฒนาสิ่งแวดล้อมแหลมผักเบี้ย อันเนื่องมาจากพระราชดำริ
1391,DIY Electronic
1392,สระว่ายน้ำ
1393,DIY เครื่องใช้ในบ้าน
1394,Canon EOS M10
1395,Big C
1396,การสอบวัดระดับความรู้ภาษาจีน (HSK)
1397,ประเทศฮอนดูรัส
1398,ออสโล
1399,Three Lives Three Worlds, Ten Miles of Peach Blossoms (ซีรีส์จีน)
1400,ปลาฉลาม
1401,โลมา
1402,ธุรกิจโรงแรม
1403,ถนนจันทน์
1404,เขตสาทร
1405,ไร่บุญรอด
1406,The Empress of China
1407,ซ่อมบำรุงรถยนต์
1408,ผู้สูงอายุ
1409,จังหวัดพิจิตร
1410,ภูลมโล
1411,ปิดเทอมใหญ่ หัวใจว้าวุ่น
1412,จุฬาลงกรณ์มหาวิทยาลัย
1413,โรม
1414,ฮาวาย
1415,ท่าอากาศยานนานาชาติกระบี่
1416,พระธรรมโมลี (ทองอยู่ ญาณวิสุทฺโธ)
1417,วาดการ์ตูน
1418,กล้วยไม้
1419,สวนรถไฟ
1420,ลำโพง
1421,เกษตรกรรม
1422,โรคในผู้สูงอายุ
1423,ถนนงามวงศ์วาน
1424,ประเทศไซปรัส
1425,BNK48
1426,กานต์ธีรา วัชรทัศนกุล (เนย BNK48)
1427,นายิกา ศรีเนียน (แคน BNK48)
1428,คลอดธรรมชาติ
1429,ท่าอากาศยานขอนแก่น
1430,ประเทศเปรู
1431,ชิดจันทร์ รุจิพรรณ (พลอย)
1432,Mitsubishi (รถยนต์)
1433,ตลาดหลักทรัพย์
1434,Penguin Sim
1435,มูลนิธิโครงการหลวง
1436,ปลา
1437,ชุดไปงานแต่งงาน
1438,นักร้องนักดนตรีฝรั่ง
1439,EDM (Electronic Dance Music)
1440,Toyota Hiace
1441,App Store
1442,อำเภอเบตง
1443,ฟุตบอลต่างประเทศ
1444,สโมสรฟุตบอลสเปน
1445,Samsung Galaxy S8 Plus
1446,Samsung Galaxy S8
1447,Royal Enfield (มอเตอร์ไซค์)
1448,เที่ยวอินเดีย
1449,อุปกรณ์เซลฟี่
1450,Jin Air
1451,แต่งรถ
1452,พริตตี้
1453,สถาบันบัณฑิตพัฒนบริหารศาสตร์
1454,มหาวิทยาลัยบูรพา
1455,พระพุทธเจ้า
1456,Office Syndrome
1457,กายภาพบำบัด
1458,ประเทศชิลี
1459,ประเทศอุซเบกิสถาน
1460,อาหารฮาลาล
1461,เขตดอนเมือง
1462,มหาวิทยาลัยเชียงใหม่
1463,โบราณสถาน
1464,มหาวิทยาลัยราชภัฏเชียงใหม่
1465,คนอวดผี
1466,ประเทศศรีลังกา
1467,ไร่เลย์
1468,iPhone 6s Plus
1469,ทะเบียนสมรส
1470,พิพิธภัณฑ์ปราสาทมิวเซียม
1471,เที่ยวตามรอยซีรีส์เกาหลี
1472,Dior
1473,Prada
1474,ทำขนม
1475,Toyota Altis
1476,Mobile Accessories
1477,Newcastle United F.C.
1478,Fuji X-E1
1479,ช่วยเหลือสัตว์
1480,สถานีรถไฟฟ้า Airport Rail Link
1481,พระตำหนักภูพิงค์ราชนิเวศน์
1482,เขตบางกะปิ
1483,ถนนลาดพร้าว
1484,เครื่องกรองน้ำ
1485,ผลิตภัณฑ์ดูแลผิว
1486,Facebook Ads
1487,พระเกจิอาจารย์
1488,สถาบันเทคโนโลยีพระจอมเกล้าเจ้าคุณทหารลาดกระบัง
1489,Sony
1490,Air France
1491,พยาบาล
1492,เศรษฐกิจพอเพียง
1493,สถาบันการจัดการปัญญาภิวัฒน์
1494,จังหวัดมหาสารคาม
1495,รายการทอล์คโชว์
1496,อำเภอหล่มสัก
1497,โดราเอมอน
1498,นักเขียนหนังสือ
1499,IKEA
1500,Xiaomi Mi 8
1501,Xiaomi Smartphone
1502,เทคนิคการถ่ายรูปด้วยโทรศัพท์มือถือ
1503,Google Street View
1504,Incheon International Airport
1505,นักแสดงชายเกาหลี
1506,ตลาดนัดเลียบทางด่วน รามอินทรา
1507,หม้อหุงข้าว
1508,โบสถ์
1509,ไฟฉาย
1510,BEC (ช่อง 3)
1511,ศาสนาฮินดู
1512,Apple ID
1513,การฝึกอบรม (Training)
1514,อำเภอแม่ริม
1515,ฉลาดเกมส์โกง (ภาพยนตร์)
1516,Tourist SIM
1517,บัตรสวัสดิการแห่งรัฐ
1518,อำเภอบางใหญ่
1519,Samsung
1520,Samsung Galaxy Note 9
1521,การหักลดหย่อน
1522,ภาษีเงินได้บุคคลธรรมดา
1523,Academy Fantasia
1524,Pinterest
1525,Tesco Lotus
1526,Central Festival East Ville
1527,มหาวิทยาลัยในต่างประเทศ
1528,นักออกแบบ
1529,การออกแบบทางสถาปัตยกรรม (Architecture Design)
1530,ธนาคารธนชาติ
1531,สินเชื่อธุรกิจ
1532,Punch (ซีรีส์เกาหลี)
1533,The Hobbit
1534,คูเวตซิตี
1535,อำเภอบางสะพาน
1536,ศูนย์แสดงสินค้าและการประชุม อิมแพ็ค เมืองทองธานี (IMPACT Exhibition and Convention Center)
1537,มหาวิทยาลัยมหาจุฬาลงกรณราชวิทยาลัย
1538,ศุกลวัฒน์ คณารศ (เวียร์)
1539,7 HD
1540,นักแสดงชาย
1541,Hiking
1542,Already Tomorrow in Hong Kong (ภาพยนตร์)
1543,Sony Alpha a7 II
1544,ฮาวานา
1545,Samsung Galaxy S7 Edge
1546,SUV
1547,เภสัชกร
1548,โครงการนักเรียนแลกเปลี่ยน
1549,มหาวิทยาลัยหัวเฉียวเฉลิมพระเกียรติ
1550,Bollywood
1551,ร้านขายการ์ตูน
1552,นมผง
1553,ภาษีนิติบุคคล
1554,กางเกงยีนส์
1555,อำเภอบ้านโป่ง
1556,กระทรวงยุติธรรม
1557,เขตบางนา
1558,ประเทศบาฮามาส
1559,การออกแบบทางวิศวกรรม (Engineering Design)
1560,Olympus OM-D E-M5 Mark II
1561,งานธนาคาร
1562,Sulwhasoo
1563,เขื่อนเขาแหลม
1564,สินเชื่อเพื่อที่อยู่อาศัย
1565,BLACKPINK
1566,GOT7
1567,Stray Kids (นักร้องนักดนตรี)
1568,EXO
1569,มะนิลา
1570,NGV
1571,การออกแบบตกแต่งภายใน (Interior Design)
1572,อำเภอตะกั่วป่า
1573,ปลาฉลามวาฬ
1574,อักรา (Agra)
1575,สถานที่ท่องเที่ยวสำหรับผู้สูงอายุ
1576,สุขภาพผู้สูงอายุ
1577,นักร้องนักดนตรีไทย
1578,ภูลังกา
1579,เกมทดสอบ IQ
1580,เกมชวนคิด
1581,มหาวิทยาลัยแม่ฟ้าหลวง
1582,เจ้าหน้าที่ตรวจคนเข้าเมือง
1583,สำนักงานตรวจคนเข้าเมือง (สตม.)
1584,SIM (หุ้น)
1585,ถนนพระรามที่ 2
1586,งานโรงงาน
1587,เชื้อชาติ
1588,จินเฮ
1589,งานโรงพยาบาล
1590,Nikon D700
1591,นายแบบ
1592,เอเวอเรสต์ (Mount Everest)
1593,สโมสรฟุตบอลเอสซีจี เมืองทอง ยูไนเต็ด
1594,ปัญหาเชาวน์
1595,อูลานบาตอร์
1596,มหาวิทยาลัยราชภัฏร้อยเอ็ด
1597,ถ้ำเชียงดาว
1598,ทิเบต
1599,กอล์ฟ
1600,ภาษาสเปน
1601,สวัสดิการแรงงาน
1602,คำบรรยายลักษณะงาน (Job Description)
1603,เครื่องรางจีน
1604,วันแม่แห่งชาติ
1605,นครรัฐวาติกัน
1606,Canon G7X Mark II
1607,ปลาช่อน
1608,ปลาชะโด
1609,ปลาช่อนงูเห่า
1610,การเล่นดนตรี
1611,เครื่องถ่ายเอกสาร
1612,ท่าอากาศยานนานาชาติอุดรธานี
1613,พระบรมรูปทรงม้า
1614,โรคความดัน
1615,ศูนย์ศึกษาการพัฒนาเขาหินซ้อน อันเนื่องมาจากพระราชดำริ
1616,โรคภูมิแพ้
1617,มหาวิทยาลัยราชภัฏบุรีรัมย์
1618,มหาวิทยาลัยเกษมบัณฑิต
1619,Whey Protein
1620,ภาพถ่ายขาวดำ
1621,มัสยิด
1622,Produce 48 (รายการโทรทัศน์)
1623,AKB48
1624,มหาวิทยาลัยเทคโนโลยีพระจอมเกล้าพระนครเหนือ
1625,Girl’s Generation
1626,โหด มัน ฮา ประเทศไทย
1627,Tattoo
1628,เที่ยวเชิงเกษตร
1629,ภาพถ่ายแฟชั่น
1630,กันต์พิมุกต์ ภูวกุล (แบมแบม)
1631,Wanna One
1632,Toyota Alphard
1633,ธนาคารธนชาต
1634,ประเทศบราซิล
1635,ประเทศอาร์เจนตินา
1636,มหาวิทยาลัยราชภัฏอุดรธานี
1637,ประเทศแอฟริกาใต้
1638,The Secret Life of Walter Mitty
1639,PromptPay
1640,LINE Pay
1641,SHOW DC (ห้างสรรพสินค้า)
1642,การจัดตกแต่งอาหาร
1643,ห้องน้ำ
1644,พิพิธภัณฑ์เด็ก
1645,Huawei P9
1646,อุดม แต้พานิช (โน้ต)
1647,สุนัขไซบีเรียนฮัสกี้ (Siberian Husky)
1648,LPG
1649,รถสองแถว
1650,Network
1651,คนพิการ
1652,Seacon Square
1653,การวางแผนการเงิน
1654,รายการสารคดี
1655,ตู้ปณ.ข่าว 3
1656,โรคติดต่อ
1657,สูตรเครื่องดื่ม
1658,จังหวัดยโสธร
1659,แต่งกลอน
1660,กลอนไทย
1661,Life of Pi
1662,ฮันเตอร์ x ฮันเตอร์
1663,การพัฒนาสังคม (Social Development)
1664,สหภาพยุโรป (European Union : EU)
1665,ถนนข้าวสาร
1666,ถนนเจริญกรุง
1667,ดอกชมพูพันธุ์ทิพย์
1668,วัสดุก่อสร้าง
1669,นักพากย์การ์ตูน
1670,กรมการค้าต่างประเทศ
1671,ไก่ชน
1672,ปัญหาสิ่งแวดล้อม
1673,เจนี่ เทียนโพธิ์สุวรรณ
1674,ปริญญาตรี
1675,ประวัติศาสตร์สมัยอยุธยา
1676,ภาพยนตร์ตลก
1677,การเปลี่ยนแปลงสภาพภูมิอากาศ
1678,เครื่องรางญี่ปุ่น
1679,คำคมความรัก
1680,คณะพาณิชยศาสตร์และการบัญชี
1681,วัฒนธรรมต่างชาติ
1682,Landscape Photography
1683,ห้องทำงาน
1684,ขนม
1685,สังคมไทย
1686,สัตว์เลี้ยงลูกด้วยนม (Mammalia)
1687,การออกแบบและตกแต่งอาคาร
1688,สื่อโฆษณา
1689,กฎหมายการเมือง
1690,Where Stars Land (ซีรีส์)
1691,ธุรกิจบริการ
1692,ประกันสำหรับผู้สูงอายุ
1693,วันหยุดราชการ
1694,นักการเมือง
1695,ชวน หลีกภัย
1696,องค์การบริหารการบินและอวกาศแห่งชาติ (NASA)
1697,หอบังคับการบิน (Local Controller)
1698,ละครโทรทัศน์
1699,เมาไม่ขับ
1700,ไดอารี่ตุ๊ดซี่ส์เดอะซีรีส์
1701,3 HD (BEC)
1702,ระบบประสาท (Nervous System)
1703,THAI (หุ้น)
1704,ระบบโครงกระดูก (Skeletal System)
1705,ระบบกล้ามเนื้อ (Muscular System)
1706,ClickKTC
1707,What's Wrong with Secretary Kim (ซีรีส์)
1708,กฎหมายอาญา (Criminal Law)
1709,สายอาชีพ
